{"A": {"__ndarray__": [[1, 1], [-1, 1]], "dtype": "int64", "shape": [2, 2], "Corder": true}, "eig_values": {"__ndarray__": [{"__complex__": [0.0, 1.0]}, {"__complex__": [-0.0, -1.0]}], "dtype": "complex128", "shape": [2]}, "eig_vectors": {"__ndarray__": [[{"__complex__": [1.0, 0.0]}, {"__complex__": [1.0, 0.0]}], [{"__complex__": [-1.0, 1.0]}, {"__complex__": [-1.0, -1.0]}]], "dtype": "complex128", "shape": [2, 2], "Corder": true}, "general_solution": {"__ndarray__": [[100.0, 119.65796563730395, 138.09609390450706, 155.1264197315427, 170.5753297048937, 184.28533194666926, 196.11666164481014, 205.94870586705636, 213.68123313359885, 219.23541521369822, 222.5546307297006, 223.6050423762141, 222.37594187006195, 218.87985911446478, 213.15243446459263, 205.2520553966586, 195.25926128448285, 183.2759223514545, 169.42420116795682, 153.84530728113418, 136.69805767276253, 118.15725772044752, 98.41191916722627, 77.66333326624893, 56.12301874361064, 34.01056549855894, 11.551396023188158, -11.025532637464279, -33.490062957857425, -55.61318324252538, -77.16936225564345, -97.93884836950545, -117.70990979354883, -136.28099304620497, -153.46277766531998, -169.0801062106701, -182.9737698834152, -195.00213155922893, -205.04256968930656, -212.99272834959405, -218.77156069477346, -222.32015517965306, -223.60233612515512, -222.60503250651155, -219.33841120410395, -213.8357733585412, -206.15321488656718, -196.36905461862668, -184.58303588786353, -170.91530970984886, -155.5052099188783, -138.5098327475501, -120.10243532991407, -100.4706694544386, -79.81466857256972, -58.34500756461971, -36.2805560618867, -13.84624720902566, 8.729215387267702, 31.215689147052675, 53.383938675360696, 75.00797267223673, 95.86734777128012, 115.74941582050866, 134.4514916959343, 151.78291954836382, 167.5670164193415, 181.6428734122972, 193.86699605709913, 204.11476714552862, 212.28171712499616, 218.2845890996349, 222.06218758175976, 223.5760023412059, 222.81060099279827, 219.77378631976947, 214.4965167293136, 207.03259065118215, 197.45809809667756, 185.87064496905538, 172.38835803299895, 157.14868068687707, 140.30697181412077, 122.03492199754999, 102.51880324234179, 81.95757005060601, 60.56083120592125, 38.5467129441965, 16.139635294490397, -6.431975741414529, -28.9380168478027, -51.14905315296845, -72.8386571727949, -93.78571709591982, -113.77669087897011, -132.6077831727992, -150.08702288733005, -166.0362202155469, -180.2927831660149, -192.7113750855192], [100.0, 69.23875550825163, 37.77166564316437, 5.919517507722162, -25.99297636927116, -57.64048827229807, -88.7003918096727, -118.8560508857969, -147.80004760613141, -175.23731620843049, -200.8881510717911, -224.49105813876403, -245.80542068208038, -264.61395224018503, -280.7249117154493, -293.97405805353617, -304.22632457719556, -311.37719590571555, -315.353773423205, -316.1155184339314, -313.65466542871525, -307.99630124939006, -299.19810934429825, -287.34978172197424, -272.5721045977771, -255.01572705472768, -234.85962527127356, -212.30927797221256, -187.59457170289585, -160.96745728112182, -132.69938131770832, -103.07851898977279, -72.40683627684498, -40.99701160846229, -9.169248305103736, 22.751989692386047, 54.44128552770451, 85.57558684837197, 115.83749912038732, 144.91852126500106, 172.52219063232764, 198.367105250782, 222.18979254241498, 243.7473952594053, 262.8201472602852, 279.2136138869236, 292.7606741030391, 303.3232241875912, 310.7935856149751, 315.09560276956785, 316.18541930412147, 314.05192522751827, 308.7168701641118, 300.2346416300462, 288.691710586887, 274.2057499247915, 256.9244348617308, 237.02393748792997, 214.70713080269908, 190.201520552362, 163.75692595289237, 135.64293294082012, 106.14614591491016, 75.56726598536778, 44.21802551597881, 12.41801020958519, -19.50859886626847, -51.23633010052862, -82.44173931610383, -112.80670707892426, -142.0216817246129, -169.7888350421553, -195.82509844436973, -219.86504867333352, -241.66361362282737, -260.9985706936423, -277.67281221259816, -291.5163548207552, -302.3880723463783, -310.177134497106, -314.8041367047689, -316.2219096048001, -314.4159998981105, -309.4048176933418, -301.2394488274395, -290.0031340778162, -275.81042057521114, -258.80599406805226, -239.1632039426511, -217.08229603571797, -192.7883712545526, -166.52909081549433, -138.57215149427412, -109.2025566264903, -78.71971067864673, -47.43436700875097, -15.665459932138049, 16.263146612397463, 48.02596065087198, 79.29918035916569]], "dtype": "float64", "shape": [2, 100], "Corder": false},