{"task1": {"||u||": {"__complex__": [3.7416573867739413, 0.0]}, "||v||": {"__complex__": [3.7416573867739413, 0.0]}, "<u, v>": {"__complex__": [6.0, 0.0]}, "cos": {"__complex__": [0.42857142857142855, 0.0]}}, "task2": {"||u||": {"__complex__": [3.7416573867739413, 0.0]}, "||v||": {"__complex__": [3.7416573867739413, 0.0]}, "<u, v>": {"__complex__": [6.0, 0.0]}, "cos": {"__complex__": [0.42857142857142855, 0.0]}}, "task3": {"||u||": {"__complex__": [3.0, 0.0]}, "||v||": {"__complex__": [1.7320508075688772, 0.0]}, "<u, v>": {"__complex__": [2.0, 3.0]}, "cos": {"__complex__": [0.3849001794597505, 0.5773502691896258]}}}