{"results": [[-0.0, {"__ndarray__": [-1.0, 0.0], "dtype": "float64", "shape": [2]}], [-2.0, {"__ndarray__": [-1.0, -1.0, -1.0, 1.0, -2.0, -1.0, 2.0, -2.0, 0.875, -1.1428571428571428, 0.25], "dtype": "float64", "shape": [11]}], [373.0000000000003, {"__ndarray__": [-1.0, -1.0, -2.0, -1.5, 1.3333333333333333, -1.5, -1.0, 1.0000000000000002, 1.5, -2.0000000000000004, -2.4999999999999996, 0.6666666666666665, 2.4999999999999996, 2.4800000000000004, 0.7043010752688179, 1.351145038167939, 2.1073446327683607], "dtype": "float64", "shape": [17]}], [-0.0, {"__ndarray__": [0.0, -1.0], "dtype": "float64", "shape": [2]}], [95.00000000000001, {"__ndarray__": [-1.0, -1.0, 1.0, -2.0, -1.0, -2.0, 2.0, -1.5, -2.0, 0.5, 2.5, 1.1, 1.6363636363636367, -1.759259259259259], "dtype": "float64", "shape": [14]}], [7.999999999999992, {"__ndarray__": [-1.0, 1.0, -2.0, -1.5, -1.0, 1.6666666666666667, 1.4, 1.7142857142857144, -1.2500000000000002, 2.3999999999999995, 1.9166666666666667, 1.1304347826086953, -0.30769230769230765, 0.33333333333333315], "dtype": "float64", "shape": [14]}], [199.0, {"__ndarray__": [-1.0, 1.0, -1.0, -1.0, 2.0, -1.5, 1.0, -3.3333333333333335, 1.8, -1.0, 1.9999999999999998, -1.111111111111111, 1.2, -1.75, 0.5476190476190477, 2.7391304347826098, -1.8015873015873018, -0.8766519823788547], "dtype": "float64", "shape": [18]}], [-225.00000000000014, {"__ndarray__": [-1.0, -1.0, 2.0, -1.5, -1.3333333333333333, -1.25, -1.2, 2.3333333333333335, 1.2857142857142858, 2.777777777777778, 1.8399999999999999, -2.3043478260869565, -0.7075471698113206, -2.5333333333333328, 0.7447368421052637, 0.7526501766784455, 1.0563380281690142], "dtype": "float64", "shape": [17]}], [6.0, {"__ndarray__": [-1.0, -1.0, -1.0, 3.0, -1.0, -0.6666666666666666, 2.0, -1.5], "dtype": "float64", "shape": [8]}], [756.0000000000002, {"__ndarray__": [-1.0, -1.0, -1.0, 1.0, -2.0, -2.0, -2.0, -1.5, 1.25, -1.5999999999999999, -1.6666666666666665, 0.8500000000000001, -3.2941176470588234, 1.1785714285714288, 2.7272727272727275, 2.1], "dtype": "float64", "shape": [16]}], [379.0000000000001, {"__ndarray__": [-1.0, -1.0, 1.0, -2.0, 2.0, -1.0, -1.0, -1.5, -3.5, -2.1904761904761907, -1.1956521739130432, 1.5454545454545456, -0.8235294117647058, 1.1428571428571428, 2.7375, 1.7305936073059363], "dtype": "float64", "shape": [16]}], [6.000000000000001, {"__ndarray__": [-1.0, 1.0, -1.0, -1.0, 1.0, -3.0, -1.0, -1.0, 1.0, -1.0, -1.6666666666666667, 1.2000000000000002], "dtype": "float64", "shape": [12]}], [5.0, {"__ndarray__": [-1.0, -1.0, -1.0, -1.0, -2.0, 1.0, -1.0, 2.0, -1.5, 0.5, 1.0, -1.6666666666666665, 1.0], "dtype": "float64", "shape": [13]}], [-25.0, {"__ndarray__": [-1.0, -1.0, -1.0, -2.0, 1.5, -1.6666666666666667, -1.2, -1.9999999999999998, -1.0000000000000002, -3.6666666666666665, 0.9090909090909092, -0.5, -1.25], "dtype": "float64", "shape": [13]}], [-0.0, {"__ndarray__": [-1.0, 0.0, -1.0, -1.0], "dtype": "float64", "shape": [4]}], [-18.0, {"__ndarray__": [-1.0, -1.0, 1.0, 1.0, 1.0, -1.0, -3.0, -2.0, 1.3333333333333333, -1.0, 1.5, 1.8333333333333335, -0.8181818181818181], "dtype": "float64", "shape": [13]}], [-20.999999999999996, {"__ndarray__": [-1.0, 1.0, -1.0, 1.0, -1.0, -2.0, -1.0, 1.5, 2.0, -3.0, -1.1666666666666665], "dtype": "float64", "shape": [11]}], [8.00000000000001, {"__ndarray__": [-1.0, -1.0, -1.0, -2.0, -1.5, 1.0, 1.3333333333333335, -1.0000000000000002, 1.5, -1.0000000000000002, 2.666666666666666, -1.5000000000000004, 0.33333333333333354], "dtype": "float64", "shape": [13]}], [-1.0, {"__ndarray__": [-1.0, -1.0, 1.0, 2.0, -1.0, -1.5, -0.3333333333333333], "dtype": "float64", "shape": [7]}], [-148.0000000000001, {"__ndarray__": [-1.0, -1.0, -1.0, -1.0, -4.0, -1.25, -1.0, 1.0, 1.4000000000000001, 1.0000000000000002, 2.714285714285714, -2.7368421052631575, 1.0576923076923077, -0.8909090909090907, 1.3469387755102045, -1.6060606060606064, -1.3962264150943402], "dtype": "float64", "shape": [17]}], [-1.0, {"__ndarray__": [-1.0, -1.0, -1.0, -1.0, -1.0, 1.0], "dtype": "float64", "shape": [6]}], [-72.99999999999996, {"__ndarray__": [-1.0, 1.0, -1.0, -2.0, -1.0, 1.5, -2.333333333333333, -1.8571428571428572, -1.0, 1.0, -1.3846153846153846, 1.6666666666666665, 2.1333333333333333, 1.75, 4.625, -0.14092664092664087], "dtype": "float64", "shape": [16]}], [27.999999999999996, {"__ndarray__": [-1.0, 1.0, -2.0, 1.5, -1.0, -2.0, 1.0, -1.0, 1.3333333333333333, 1.9999999999999998, -1.75], "dtype": "float64", "shape": [11]}], [-1.0, {"__ndarray__": [-1.0, -1.0, 2.0, 0.5, -2.0, 0.5], "dtype": "float64", "shape": [6]}], [-0.9999999999999996, {"__ndarray__": [-1.0, -1.0, 2.0, -1.0, 1.0, 2.5, -1.2000000000000002, 1.3333333333333335, 0.4999999999999998, -0.24999999999999994], "dtype": "float64", "shape": [10]}], [-1.0, {"__ndarray__": [-1.0], "dtype": "float64", "shape": [1]}], [-148.99999999999994, {"__ndarray__": [-1.0, -1.0, -2.0, 1.5, -1.3333333333333333, -1.0, -1.4999999999999998, -1.6666666666666667, 1.3, 2.3076923076923075, 1.8666666666666667, 0.8571428571428572, 0.4166666666666667, -1.8999999999999997, 1.526315789473684, -2.5689655172413794], "dtype": "float64", "shape": [16]}], [1.0, {"__ndarray__": [-1.0, -1.0, 1.0, -3.0, 0.3333333333333333, -1.0], "dtype": "float64", "shape": [6]}], [-5.0, {"__ndarray__": [-1.0, -1.0, -1.0, 2.0, -1.5, -1.0, 1.3333333333333333, 1.4999999999999998, 1.6666666666666665, -1.0, 0.4000000000000002, -1.2500000000000007, 0.9999999999999992], "dtype": "float64", "shape": [13]}], [358.99999999999983, {"__ndarray__": [-1.0, -1.0, 2.0, -1.0, -2.0, -1.0, -1.25, 1.4, 3.2857142857142856, 1.4782608695652173, -1.7058823529411766, -1.7931034482758623, -1.7307692307692306, 3.0, 2.0, -0.9527777777777777, -0.4829931972789117, -0.7223340040241442], "dtype": "float64", "shape": [18]}], [2.0, {"__ndarray__": [-1.0, -1.0, -1.0, 1.0, 2.0, -1.0, -3.0, 1.0, -0.3333333333333333, 1.0], "dtype": "float64", "shape": [10]}], [0.0, {"__ndarray__": [-1.0, 1.0, -1.0, -1.0, -1.0, 1.0, -2.0, -1.0, -1.0, -0.5, 0.0], "dtype": "float64", "shape": [11]}], [2.999999999999998, {"__ndarray__": [-1.0, -1.0, -1.0, -1.0, -2.0, 3.5, -1.8571428571428572, 1.076923076923077, 0.8571428571428573, -0.9999999999999996, -0.3333333333333335, 0.9999999999999994, 0.7499999999999997], "dtype": "float64", "shape": [13]}], [2.0, {"__ndarray__": [-1.0, -1.0, -1.0, 1.0, 2.0, -2.0, -1.0, -0.5], "dtype": "float64", "shape": [8]}], [-6.869504964868159e-15, {"__ndarray__": [-1.0, -1.0, -1.0, 1.0, 2.0, -2.0, -1.25, 1.2000000000000002, -2.0, -1.5, 3.333333333333333, 0.5333333333333333, 1.8750000000000009, 1.1449174941446927e-16], "dtype": "float64", "shape": [14]}], [-1.0, {"__ndarray__": [-1.0, -1.0, 1.0, 1.0, -1.0], "dtype": "float64", "shape": [5]}], [14.000000000000009, {"__ndarray__": [-1.0, -1.0, -2.0, -1.0, 1.0, -1.5, -2.0, 2.1666666666666665, 0.6923076923076924, -1.4444444444444444, 1.9230769230769231, -1.2000000000000002, 0.5, 0.9333333333333337], "dtype": "float64", "shape": [14]}], [-0.0, {"__ndarray__": [-1.0, -1.0, -1.0, -1.0, -1.0, 1.0, 0.0], "dtype": "float64", "shape": [7]}], [2.0, {"__ndarray__": [-1.0, -1.0, -2.0, -1.0, -1.0, -3.0, 0.3333333333333333], "dtype": "float64", "shape": [7]}], [-0.0, {"__ndarray__": [-1.0, 0.0], "dtype": "float64", "shape": [2]}], [0.0, {"__ndarray__": [0.0], "dtype": "float64", "shape": [1]}], [-13.0, {"__ndarray__": [-1.0, -1.0, 2.0, 1.0, -2.0, -1.5, -1.0, 1.0, 2.3333333333333335, 1.6428571428571432, -1.5652173913043474, -0.8055555555555556, 0.4482758620689655], "dtype": "float64", "shape": [13]}], [7793.999999999999, {"__ndarray__": [-1.0, -1.0, -1.0, 2.0, 1.5, -1.0, 1.3333333333333333, -2.0, -1.5, 2.5, -2.566666666666666, -1.012987012987013, -2.3333333333333335, -1.747252747252747, 3.2735849056603774, -1.4745437079731025, -1.4749185667752454, 1.4681978798586575, 2.3447653429602875], "dtype": "float64", "shape": [19]}], [-1.0, {"__ndarray__": [-1.0, -1.0, 1.0, 1.0, -2.0, -1.0, -1.0, -1.0, 1.0, -0.5, 1.0], "dtype": "float64", "shape": [11]}], [-1.0, {"__ndarray__": [-1.0], "dtype": "float64",