{"A": {"__ndarray__": [[2.121320343559642, -1.4142135623730947], [-1.4142135623730947, 2.121320343559642]], "dtype": "float64", "shape": [2, 2], "Corder": true}}